1.1158106505489926,0.0018417712763135212,0.004676519624891684,0.002166410241236257,0.002065591117977291,0.0018856180831641283,ESTABLE
1.1155126879731274,0.002824235171123939,0.008302037566798148,0.002719477073916153,0.0022939534045447025,0.002847220867208352,ESTABLE
1.1156201764627267,0.003207574775656472,0.008617163479991197,0.0027968235951204043,0.001885618083164128,0.0031552425509864643,ESTABLE
1.1159864866627693,0.002372393887023368,0.008617163479991197,0.0027968235951204043,0.0021664102412362577,0.0022939534045447025,ESTABLE
1.1159855295363217,0.0027864910195903795,0.012110186370700049,0.0018856180831641283,0.0026127890589687256,0.0027194770739161545,ESTABLE
1.1150229070002338,0.0024597150408081233,0.00847945610040668,0.0023851391759997765,0.0028720878971384045,0.0024729649321321894,ESTABLE
1.1158754210267858,0.002231161497239166,0.007966568157637521,0.002444040370643116,0.002847220867208352,0.0022939534045447025,ESTABLE
1.1162522154292014,0.0029537912474056276,0.011780160106505733,0.0024440403706431158,0.0017688665548562148,0.0029933259094191557,ESTABLE
1.1168741567937053,0.0037395926271624725,0.012293876082762223,0.002472964932132189,0.0019955506062794373,0.003714236873915769,ESTABLE
1.116633097049373,0.003558076342498004,0.012106370258200494,0.0019955506062794373,0.0029933259094191557,0.00353773310971243,ESTABLE
1.116774574234363,0.00266151779824008,0.011756783583122932,0.0024729649321321885,0.003222145592958555,0.0027194770739161545,ESTABLE
1.1158975044860493,0.0021816236631637454,0.0078012144236137,0.0028720878971384032,0.0024440403706431166,0.0022939534045447025,ESTABLE
1.115258849871991,0.0031566515282441133,0.011940526134624818,0.0023851391759997765,0.0025298221281347057,0.003222145592958555,ESTABLE
1.1169074351944408,0.003639762910328,0.011940526134624818,0.002293953404544701,0.0019955506062794373,0.003714236873915768,ESTABLE
1.1173463995674693,0.0027245868702766352,0.008477882972979467,0.002293953404544701,0.0019955506062794373,0.0027194770739161545,ESTABLE
1.116065107736527,0.002684888524426924,0.008477882972979467,0.0017688665548562148,0.0025298221281347057,0.0027194770739161545,ESTABLE
1.1158358750376451,0.002401384109214927,0.008477882972979467,0.0019955506062794373,0.0026127890589687256,0.0023851391759997778,ESTABLE
1.1162530662029055,0.0021661469506781823,0.008313804840650363,0.0019595917942265445,0.0027194770739161545,0.0021664102412362577,ESTABLE
1.1173254195947564,0.0022891178945867495,0.008313804840650363,0.002444040370643116,0.0024729649321321894,0.0022939534045447025,ESTABLE
1.1168040317941426,0.002299543798671929,0.008466166867977076,0.002166410241236257,0.0021664102412362577,0.0022939534045447025,ESTABLE
1.1167479217581093,0.002410929753675488,0.008644541034264153,0.002719477073916153,0.001885618083164128,0.0022939534045447025,ESTABLE
1.1171056085391067,0.0021585574980955116,0.008644541034264153,0.0032221455929585525,0.0019955506062794373,0.002065591117977291,ESTABLE
1.1163421914706935,0.002703986392256667,0.008466166867977076,0.002612789058968724,0.002065591117977291,0.002612789058968725,ESTABLE
1.1175889704410062,0.003218666692631577,0.008300813133953255,0.001959591794226544,0.0019955506062794373,0.003222145592958555,ESTABLE
1.1167138788627604,0.003963931796623474,0.012110186370700049,0.0019595917942265445,0.001768866554856215,0.0039911012125588745,ESTABLE
1.1157098720121088,0.003725787799168768,0.012459773045777611,0.0024729649321321885,0.0019955506062794373,0.0037712361663282566,ESTABLE
1.1162746775552157,0.0025646797719750523,0.008477882972979467,0.0023851391759997765,0.00247296493213219,0.002612789058968725,ESTABLE
1.1152118385029977,0.00197195235694192,0.004484604393571345,0.0018856180831641283,0.0024729649321321894,0.0019955506062794373,ESTABLE
1.1160424821161035,0.0027528371051366582,0.008466166867977076,0.0019955506062794373,0.0017688665548562146,0.0027194770739161545,ESTABLE
1.1157778504813232,0.0032334257290479104,0.012283322707061561,0.0024729649321321885,0.0017688665548562146,0.0031552425509864647,ESTABLE
1.1149717137064867,0.00337801239702381,0.012285141099110275,0.0028720878971384024,0.0025298221281347057,0.003222145592958555,ESTABLE
1.1155271193575043,0.0036211385800330917,0.012798857075366765,0.0028720878971384024,0.0030868898407440627,0.0035175749222061156,ESTABLE
1.1147432057366218,0.003324444420840061,0.012632909382139124,0.002472964932132189,0.0035377331097124296,0.0032000000000000028,ESTABLE
1.1135642383480604,0.0021339491491796513,0.008652592436768192,0.0019955506062794373,0.0029933259094191557,0.0019955506062794373,ESTABLE
1.11518872827604,0.00205758581901376,0.004484604393571345,0.0019955506062794373,0.0019955506062794373,0.0019955506062794373,ESTABLE
1.1154423820849455,0.0019387922347252906,0.004146733823496174,0.0019955506062794373,0.0013597385369580773,0.001959591794226544,ESTABLE
1.1157308128080543,0.002356554832596121,0.007964166996722977,0.002444040370643116,0.001359738536958077,0.002385139175999778,ESTABLE
1.1157876874089534,0.00313633967867189,0.01194428940768466,0.0023851391759997765,0.0014605934866804443,0.0031552425509864647,ESTABLE
1.114370455408932,0.0027966846485377793,0.01194428940768466,0.0019595917942265445,0.0019955506062794373,0.0027968235951204064,ESTABLE
1.1151997214709863,0.0029179726469645965,0.011780160106505733,0.001959591794226544,0.0019955506062794373,0.0028720878971384045,ESTABLE
1.1174481276965385,0.002269046973415749,0.008300813133953255,0.0016000000000000014,0.0019955506062794373,0.0022939534045447025,ESTABLE
1.1166073056248453,0.002501671152828917,0.008466166867977076,0.0018856180831641283,0.0022939534045447025,0.0024729649321321902,ESTABLE
1.115167670400816,0.0020656458595914,0.004835436597683707,0.0024440403706431158,0.0019955506062794373,0.001995550606279437,ESTABLE
1.1154333534413707,0.002401533649922763,0.008302037566798148,0.002444040370643116,0.0019955506062794373,0.0024440403706431166,ESTABLE
1.11600876696961,0.0022283133317595283,0.007964166996722977,0.0019955506062794373,0.0022939534045447025,0.0022939534045447025,ESTABLE
1.1168626488193125,0.0018503168133183776,0.008477882972979467,0.002472964932132188,0.0027194770739161545,0.0017688665548562148,ESTABLE
1.116146613508806,0.0027695642541240013,0.012293876082762223,0.0021664102412362555,0.0029211869733608885,0.0027194770739161545,ESTABLE
1.1142523911053217,0.0027341511919038246,0.00849251273467444,0.0019955506062794347,0.0022939534045447025,0.0027194770739161545,ESTABLE
1.1144159543442704,0.002369395763196078,0.008312218086578671,0.002612789058968724,0.002166410241236258,0.0023851391759997778,ESTABLE
1.1145675963026704,0.0028059351538257714,0.011783723996722006,0.0023851391759997765,0.0019955506062794373,0.0028472208672083526,ESTABLE
1.115432169499165,0.0035602312265939273,0.012632909382139124,0.0023851391759997765,0.0022939534045447025,0.003517574922206115,ESTABLE
1.1151896876591516,0.003259939470398439,0.012293876082762223,0.0019955506062794373,0.00247296493213219,0.003222145592958555,ESTABLE
1.1149248080275866,0.0028761857815339568,0.012293876082762223,0.0023851391759997765,0.0026127890589687256,0.0028720878971384045,ESTABLE
1.1156761753071585,0.0028293436207555466,0.008466166867977076,0.0027968235951204047,0.0023851391759997778,0.0027968235951204064,ESTABLE
1.1160447681746877,0.0031531090330520644,0.012110186370700049,0.002444040370643116,0.0029211869733608885,0.0030868898407440627,ESTABLE
1.1152713050891834,0.0036216080227190455,0.012261679186667429,0.0024729649321321885,0.0024729649321321902,0.0035377331097124296,ESTABLE
1.1157571103568868,0.0037510915811488727,0.012261679186667429,0.0035175749222061117,0.0017688665548562148,0.0037712361663282566,ESTABLE
1.1160201636871432,0.0026946076504304607,0.011763994759588892,0.00308688984074406,0.001359738536958077,0.0027194770739161545,ESTABLE
1.116306491467968,0.0030249693897346813,0.01194428940768466,0.001959591794226544,0.0014605934866804443,0.0029933259094191557,ESTABLE
1.1160090785286345,0.00309892051125031,0.01194428940768466,0.0024440403706431158,0.0014605934866804443,0.0030868898407440636,ESTABLE
1.116519729586877,0.0025742526255530486,0.008815753543054639,0.0022939534045447016,0.0025298221281347057,0.00247296493213219,ESTABLE
1.1157104690072577,0.0028779647216467573,0.008815753543054639,0.0024729649321321885,0.00247296493213219,0.0027968235951204064,ESTABLE
1.1154450820218793,0.0025037957590153532,0.008302037566798148,0.0024729649321321885,0.00247296493213219,0.002444040370643117,ESTABLE
1.1162316239375203,0.002587480461760473,0.008302037566798148,0.0024440403706431158,0.0028720878971384045,0.0026127890589687256,ESTABLE
1.117250110518806,0.00266905958149873,0.008128296297901905,0.00308688984074406,0.0026127890589687256,0.0027194770739161545,ESTABLE
1.1166342515319225,0.003175159693204858,0.008477882972979467,0.0028720878971384032,0.0026127890589687256,0.003222145592958555,ESTABLE
1.1159288432927743,0.003248082601223473,0.008815753543054639,0.0018856180831641283,0.003200000000000001,0.0031552425509864643,ESTABLE
1.1155480357485767,0.003353595706008583,0.012632909382139124,0.0018856180831641283,0.00341499959329752,0.0032000000000000028,ESTABLE
1.1152465471802757,0.0032770417259050965,0.012632909382139124,0.002472964932132188,0.0024729649321321894,0.003222145592958555,ESTABLE
1.11524815660312,0.0024662778992155807,0.008625626833701716,0.0025298221281347035,0.0029933259094191557,0.0024729649321321902,ESTABLE
1.116078253252582,0.002366280484786299,0.008625626833701716,0.002293953404544701,0.0030868898407440627,0.0022939534045447025,ESTABLE
1.1161118009521869,0.002319721664256382,0.007964166996722977,0.002293953404544701,0.0024729649321321902,0.0022939534045447025,ESTABLE
1.1158009945522374,0.0028060451834719382,0.008466166867977076,0.002444040370643116,0.0022939534045447025,0.0027968235951204064,ESTABLE
1.1152242332470654,0.002871047165940363,0.01194428940768466,0.001959591794226544,0.0027194770739161545,0.0028720878971384045,ESTABLE
1.115755033973408,0.0024298483491237317,0.008313559137391291,0.0019595917942265445,0.0027194770739161545,0.0023851391759997778,ESTABLE
1.1165615497818384,0.003039552946209664,0.00897394098111226,0.0016000000000000014,0.0028720878971384045,0.0028720878971384045,ESTABLE
1.1174028089405892,0.0032294331311384893,0.008815753543054639,0.0016000000000000014,0.0025298221281347057,0.0030868898407440627,ESTABLE
1.116265503254238,0.0028034938730816185,0.008966750155068759,0.0030868898407440605,0.0029933259094191557,0.002612789058968725,ESTABLE
1.116589299633251,0.002646244734155337,0.009145068728513506,0.0034769079494414126,0.0029211869733608885,0.0024729649321321902,ESTABLE
1.115781681675847,0.0028819270090940222,0.012638091619222358,0.003222145592958553,0.002719477073916154,0.0027968235951204064,ESTABLE
1.1155125999860924,0.0028587769415301255,0.012110186370700049,0.002293953404544701,0.0027194770739161545,0.002847220867208352,ESTABLE
1.115822727953852,0.0030832528748914673,0.011410702218751512,0.001995550606279436,0.0025298221281347057,0.0031552425509864647,ESTABLE
1.1158018173064987,0.003372115386821584,0.011410702218751512,0.0027194770739161524,0.0025298221281347057,0.003476907949441416,ESTABLE
1.1157813816146112,0.0041843090456547515,0.01592545099900433,0.0028720878971384024,0.002719477073916154,0.004299870799092564,ESTABLE
1.1158716404457818,0.0039431859589800925,0.01592545099900433,0.0028472208672083504,0.0022939534045447025,0.004044200236827497,ESTABLE
1.1158038200227804,0.00334193894383211,0.011947902423234291,0.00308688984074406,0.0029211869733608885,0.003476907949441416,ESTABLE
1.1157906567521334,0.003865700192257589,0.012283322707061561,0.002612789058968724,0.0027194770739161545,0.004044200236827497,ESTABLE
1.1160569385896586,0.005044121252745392,0.021135833731299014,0.0029933259094191535,0.0030868898407440605,0.00494592986426438,ESTABLE
1.1163354100713796,0.006286404968772583,0.02373314832461193,0.0032221455929585525,0.0034149995932975198,0.006231104770958898,ESTABLE
1.1163468643687284,0.007086024798283916,0.025114525799640353,0.0029933259094191535,0.0035777087639996645,0.0070351498444122295,ESTABLE
1.116254546357925,0.005590563650461641,0.020793109291140643,0.002444040370643115,0.0030868898407440605,0.00550393798414675,ESTABLE
1.1142686418334107,0.004508565188649575,0.015927816333323852,0.001885618083164128,0.001959591794226544,0.004541169697580378,ESTABLE
1.1138551543425466,0.003970114760150819,0.015592346924163225,0.0028720878971384024,0.0032221455929585534,0.003919183588453088,ESTABLE
1.1161032135150672,0.004260295139312389,0.01642968281475965,0.002993325909419154,0.0030868898407440605,0.0042499673201357975,ESTABLE
1.1169483896275159,0.006079603207946401,0.023353458635009483,0.003919183588453085,0.0026127890589687256,0.00627658789116791,ESTABLE
1.1174896294338057,0.005150544427171889,0.019371635956519917,0.0037142368739157654,0.0022939534045447025,0.005359933664597813,ESTABLE
1.1144762697563704,0.005583680082115017,0.019718619489480282,0.003414999593297519,0.0025298221281347057,0.005593647190240813,ESTABLE
1.1131257638414944,0.005805216529707257,0.01936903281440272,0.003414999593297519,0.0022939534045447025,0.005842373946721778,ESTABLE
1.1149694082028498,0.0051139128971918945,0.016275037674081894,0.0023851391759997765,0.0022939534045447025,0.005031456603763527,ESTABLE
1.1163312429349144,0.003969388793001925,0.012459773045777611,0.002293953404544701,0.0025298221281347057,0.003919183588453088,ESTABLE
1.1167128513460896,0.004605175185299241,0.01645202061077411,0.0029211869733608863,0.0026127890589687256,0.004587906809089405,ESTABLE
1.1164687862164506,0.004485094317042298,0.01645202061077411,0.0027194770739161515,0.001995550606279437,0.004430199393556312,ESTABLE
1.1163339292060799,0.006123057785808542,0.024922841041754795,0.003577708763999664,0.00247296493213219,0.006057502235520298,ESTABLE
1.115113517597947,0.00638562476714075,0.020600618381413804,0.0032,0.0028472208672083526,0.006344201201797508,ESTABLE
1.112864594355987,0.005427826042877718,0.020600618381413804,0.003714236873915765,0.0037142368739157662,0.005359933664597813,ESTABLE
1.1145550612014299,0.004329998107443683,0.01593001555481588,0.0047253453724451595,0.003919183588453086,0.004541169697580377,ESTABLE
1.1126359936186843,0.005710724194871019,0.019528785850605246,0.004493946545694058,0.0030868898407440627,0.005998518335574401,ESTABLE
1.1129869222673574,0.007401184263494939,0.02837862578544792,0.004664761515876241,0.0035377331097124296,0.007589466384404117,ESTABLE
1.1137375209534137,0.007188028511237035,0.02837862578544792,0.004541169697580373,0.003517574922206115,0.007332121111929351,ESTABLE
1.1144039047599648,0.005972469261332461,0.02041394510062844,0.004430199393556306,0.003714236873915769,0.006139127697718052,ESTABLE
1.1150986801076739,0.007023789726641151,0.024062713880131925,0.002921186973360886,0.002872087897138405,0.007135513685471821,ESTABLE
1.1144548906759724,0.0063584574968814775,0.023555913046800825,0.002472964932132188,0.0038273866918419564,0.006477310827461937,ESTABLE
1.1133918757768926,0.0049663152684796975,0.01626570591618437,0.002293953404544701,0.003714236873915769,0.00494592986426438,ESTABLE
1.1161114215029924,0.004935732695062345,0.020083850800231895,0.0019595917942265445,0.0021664102412362577,0.0049459298642643805,ESTABLE
1.1165556443187512,0.0037273502570175938,0.015928331254747574,0.002385139175999777,0.0030868898407440605,0.0038273866918419564,ESTABLE
1.1160140339073579,0.0022232382899482683,0.007966568157637521,0.002444040370643116,0.0035777087639996645,0.0022939534045447025,ESTABLE
1.1165304714124167,0.0024711146406515444,0.008466166867977076,0.0024729649321321885,0.0027194770739161545,0.00247296493213219,ESTABLE
1.1168515425366776,0.003005317528104992,0.011612159655012277,0.0027968235951204043,0.002065591117977291,0.0030868898407440627,ESTABLE
1.1163537206358707,0.0035360650138062675,0.011784676491063628,0.0024729649321321885,0.002065591117977291,0.0036368484525295644,ESTABLE
1.1159787443909954,0.0026284471012946262,0.008136683832774327,0.0028472208672083504,0.0033306655991458154,0.0027194770739161545,ESTABLE
1.1162666449480507,0.0020601075433113064,0.007479926176940932,0.0032221455929585525,0.0030868898407440636,0.0021664102412362577,ESTABLE
1.1155149822586592,0.0019809988550102222,0.004835436597683707,0.0035175749222061117,0.002065591117977291,0.001959591794226544,ESTABLE
1.115549439881892,0.002848481325981067,0.012113581434666454,0.003155242550986462,0.002719477073916154,0.0028472208672083526,ESTABLE
1.1162865401084423,0.002982231724304602,0.012113581434666454,0.0027194770739161524,0.00247296493213219,0.0029933259094191557,ESTABLE
1.1160243447074316,0.003434436442966666,0.0122919000081112,0.0038087618285561863,0.0022939534045447025,0.003414999593297523,ESTABLE
1.115770034401381,0.0032909469673854295,0.01228468883164524,0.0035377331097124266,0.0025298221281347057,0.0031552425509864647,ESTABLE
1.116539948364468,0.0029000642989388545,0.008650399809030818,0.0023851391759997765,0.00247296493213219,0.002872087897138405,ESTABLE
1.1167817169686869,0.002670201828645273,0.008128296297901905,0.0019955506062794373,0.0019955506062794373,0.0027194770739161545,ESTABLE
1.1157985878601975,0.0028127085148243907,0.008300813133953255,0.002293953404544701,0.0014605934866804443,0.0027968235951204064,ESTABLE
1.1152924576018222,0.0038730715400978758,0.012110186370700049,0.0024440403706431158,0.0019955506062794373,0.003827386691841957,ESTABLE
1.1149924654887793,0.003316911704306204,0.011946057069521121,0.0019955506062794373,0.0022939534045447025,0.003222145592958556,ESTABLE
1.1141742845707607,0.003295997759962365,0.009143292260032299,0.0019955506062794373,0.0029211869733608885,0.0030868898407440627,ESTABLE
1.114614908082268,0.003652398402517476,0.012274423819986113,0.0019595917942265445,0.0029933259094191557,0.003517574922206115,ESTABLE
1.1156529067917413,0.0032951834252010442,0.012274423819986113,0.0019955506062794373,0.002796823595120407,0.0031552425509864647,ESTABLE
1.116019037431289,0.0027643126220811757,0.012113850116461933,0.0017688665548562148,0.0024729649321321902,0.0027194770739161545,ESTABLE
1.1156988464624906,0.003437635175665826,0.012285141099110275,0.0019595917942265445,0.00247296493213219,0.0034769079494414157,ESTABLE
1.1156997160269058,0.0034655914572490525,0.012449270400289203,0.0024440403706431158,0.0024729649321321902,0.003476907949441416,ESTABLE
1.115791000603309,0.0023754941943024454,0.008128296297901905,0.002472964932132189,0.002719477073916154,0.0023851391759997778,ESTABLE
1.1157116283744175,0.0027980308741244833,0.012113850116461933,0.0019955506062794373,0.003222145592958555,0.0027968235951204064,ESTABLE
1.1156652204238398,0.0028135274345591783,0.012113850116461933,0.001959591794226544,0.0031552425509864647,0.0027968235951204064,ESTABLE
1.1156184279856798,0.002378333890478163,0.008130746584149806,0.0019595917942265445,0.00247296493213219,0.0023851391759997773,ESTABLE
1.1154097400683631,0.0024856442411698557,0.008302037566798148,0.0018856180831641283,0.0027968235951204064,0.0024440403706431166,ESTABLE
1.1154211417994129,0.0032572626893416358,0.012449270400289203,0.001959591794226544,0.002719477073916154,0.0032000000000000028,ESTABLE
1.1157437788633593,0.0032792165291133,0.012449270400289203,0.001995550606279437,0.0027194770739161545,0.0031552425509864647,ESTABLE
1.116862034812671,0.0028275774260306313,0.008651675410725534,0.002293953404544701,0.0025298221281347057,0.0027194770739161545,ESTABLE
1.1156984953898175,0.002886875744539338,0.008651675410725534,0.0023851391759997765,0.0027194770739161545,0.0027968235951204064,ESTABLE
1.1162060510158112,0.00306349620899037,0.008644541034264153,0.0023851391759997765,0.002385139175999778,0.0029933259094191557,ESTABLE
1.1173354693966366,0.0030738946302080517,0.008644541034264153,0.0023851391759997765,0.0019955506062794373,0.0030868898407440627,ESTABLE
1.1171615877645418,0.0031177165909582446,0.008141366917769233,0.002612789058968724,0.0017688665548562146,0.003265986323710907,ESTABLE
1.1155244548990166,0.0022782717686614076,0.007966568157637521,0.0023851391759997765,0.0025298221281347057,0.0024440403706431166,ESTABLE
1.1154785746864713,0.002493207192623771,0.008815753543054639,0.0019955506062794373,0.0027194770739161545,0.0024440403706431166,ESTABLE
1.117371823891675,0.002464516110396823,0.008815753543054639,0.002444040370643116,0.0029211869733608885,0.0022939534045447025,ESTABLE
1.116596629538646,0.00257557170405259,0.008651675410725534,0.002293953404544701,0.0025298221281347057,0.00247296493213219,ESTABLE
1.114184389429655,0.002326589335136594,0.007960209189253886,0.0017688665548562148,0.0027194770739161545,0.0022939534045447025,ESTABLE
1.1150047959109972,0.00283521230401326,0.011255519175719986,0.0019595917942265445,0.002719477073916154,0.0028720878971384045,ESTABLE
1.1171512021994168,0.002030949957919022,0.007965392850125985,0.002293953404544701,0.002719477073916154,0.002065591117977291,ESTABLE
1.116066025472088,0.002700639480488885,0.008136683832774327,0.002293953404544701,0.0025298221281347057,0.0027194770739161545,ESTABLE
1.1150152100968886,0.002479499800044939,0.008302037566798148,0.002166410241236257,0.0025298221281347057,0.0024729649321321894,ESTABLE
1.1147045314195625,0.0025705315975242666,0.008997493727278982,0.002612789058968724,0.00247296493213219,0.0024440403706431166,ESTABLE
1.1149834846595839,0.002548647295740754,0.008997493727278982,0.0030868898407440605,0.0027194770739161545,0.00247296493213219,ESTABLE
1.115445581901091,0.002021670267345358,0.004994363241765942,0.002444040370643116,0.0029933259094191557,0.001959591794226544,ESTABLE
1.1167605765959117,0.003257999565302429,0.012771449403173651,0.0019955506062794373,0.0029933259094191557,0.0030868898407440627,ESTABLE
1.1157438383057208,0.0038584041801876337,0.01626501597535457,0.0019955506062794373,0.0027194770739161545,0.0037712361663282574,ESTABLE
1.1147506522480304,0.0024866267494845088,0.008652592436768192,0.0019955506062794373,0.0024729649321321902,0.0024440403706431166,ESTABLE
1.1154807692139463,0.0029642616611683147,0.012774022530325668,0.0019595917942265445,0.003265986323710907,0.002847220867208352,ESTABLE
1.115955172371936,0.0032331495978805487,0.012774022530325668,0.0024729649321321885,0.0033306655991458154,0.0030868898407440627,ESTABLE
1.1165857819196732,0.002514944962672412,0.008617163479991197,0.0023851391759997765,0.0025298221281347057,0.0024729649321321902,ESTABLE
1.1152218869991555,0.002853551829493071,0.01194428940768466,0.0017688665548562148,0.0019955506062794373,0.0028720878971384045,ESTABLE
1.1143921275123603,0.0023208055661501515,0.008148896514569959,0.0018856180831641283,0.0021664102412362577,0.0023851391759997773,ESTABLE
1.1149354941523666,0.002812569267633884,0.011590939459547256,0.001959591794226544,0.0024729649321321902,0.0028720878971384045,ESTABLE
1.115027490982318,0.0031135757060083446,0.011590939459547256,0.002472964932132188,0.0025298221281347057,0.003222145592958555,ESTABLE
1.1152703514178866,0.002788652283403236,0.011246572917572584,0.002847220867208351,0.0017688665548562144,0.0028720878971384045,ESTABLE
1.1165515738580039,0.0019449717774259155,0.007964166996722977,0.001885618083164128,0.0017688665548562146,0.0019955506062794373,ESTABLE
1.1160907528953359,0.0029379076776779372,0.011590939459547256,0.0019955506062794373,0.0026127890589687256,0.0030868898407440627,ESTABLE
1.1147854995072315,0.00309140018108327,0.011590939459547256,0.0019595917942265445,0.0026127890589687256,0.0032000000000000023,ESTABLE
1.1157768675493338,0.003073842621661041,0.008300813133953255,0.001959591794226544,0.002065591117977291,0.0031552425509864647,ESTABLE
1.1171278958207616,0.003530492752882127,0.012294841726265382,0.0019955506062794373,0.0019955506062794373,0.0035777087639996667,ESTABLE
1.1165103105629028,0.0032547002007773745,0.012445792495274555,0.0027968235951204047,0.0030868898407440627,0.003222145592958556,ESTABLE
1.1149430566418699,0.002445495059084108,0.007960209189253886,0.003155242550986462,0.0035777087639996667,0.00247296493213219,ESTABLE
1.1147647090356478,0.0024035020284898464,0.007960209189253886,0.0032000000000000006,0.0024729649321321902,0.0024440403706431166,ESTABLE
1.1165995284092654,0.0045195674062955046,0.01939148385972822,0.002444040370643116,0.0030868898407440627,0.004587906809089405,ESTABLE
1.1176255875000762,0.004379440425750241,0.01659030053506161,0.0019955506062794373,0.0029211869733608885,0.004349201714746695,ESTABLE
1.116826443043569,0.0027379040614927096,0.008313804840650363,0.0019955506062794373,0.0014605934866804443,0.0027194770739161545,ESTABLE
1.116284489902839,0.003033853824034712,0.008466166867977076,0.0019955506062794373,0.0014605934866804443,0.0029933259094191557,ESTABLE
1.1160315532638765,0.0030938841962271455,0.011763994759588892,0.0023851391759997765,0.0022939534045447025,0.0030868898407440636,ESTABLE
1.1155380697580435,0.0023975516327402325,0.008133264489295522,0.0030868898407440605,0.0029211869733608885,0.002444040370643117,ESTABLE
1.1168538089534628,0.00267757841014267,0.008279247066911077,0.0028720878971384024,0.002719477073916154,0.0027194770739161545,ESTABLE
1.1165393466524036,0.00344780756772179,0.01194428940768466,0.0023851391759997765,0.0019955506062794373,0.0035377331097124296,ESTABLE
1.1165289533425207,0.0034102318379648708,0.01194428940768466,0.002293953404544701,0.0026127890589687256,0.0035377331097124296,ESTABLE
1.1155009721570963,0.003422637857925804,0.01194428940768466,0.0018856180831641283,0.0027194770739161545,0.003517574922206115,ESTABLE
1.115448057928248,0.003370963873021232,0.011610587660360494,0.002796823595120405,0.0027194770739161545,0.003517574922206115,ESTABLE
1.1163011968459378,0.003210075854934761,0.011946057069521121,0.0032,0.0022939534045447025,0.0033306655991458154,ESTABLE
1.1168660475842633,0.003281019176983229,0.011635284539991853,0.0032000000000000006,0.002719477073916154,0.003414999593297523,ESTABLE
1.1164858873438317,0.004138843887261072,0.016440229555690022,0.003330665599145813,0.003200000000000001,0.004182503237695503,ESTABLE
1.1158874007451625,0.004687805976386636,0.01710406571531564,0.003155242550986462,0.003991101212558873,0.004541169697580378,ESTABLE
1.1151699945404523,0.005178475642603398,0.01710406571531564,0.003155242550986462,0.0030868898407440627,0.005031456603763527,ESTABLE
1.1154558238771555,0.003782192292434195,0.012288560536987125,0.002796823595120405,0.0021664102412362577,0.00380876182855619,ESTABLE
1.115976928125438,0.0036188246312831157,0.015762434291732186,0.0023851391759997765,0.0022939534045447025,0.003714236873915769,ESTABLE
1.1160793800182889,0.005454432264254182,0.019910090518550305,0.0028720878971384032,0.0019955506062794373,0.005555377774933247,ESTABLE
1.1174400752313072,0.005435525155649253,0.019910090518550305,0.002444040370643116,0.0021664102412362577,0.005555377774933247,ESTABLE
1.1177367882119902,0.03332174881681697,0.11610541178996603,0.13485636803651505,0.0321153476636258,0.04036279915411657,SUAVE
1.1294638516161304,0.02474283517416851,0.10290461963495323,0.21533164086022183,0.029814239699997195,0.10456054067700045,SUAVE
1.145986429011067,0.019083269875171963,0.07725156725813864,0.11948214185484884,0.023752801004419576,0.09774852087542468,SUAVE
1.1633068089649474,0.025600811493483845,0.09535917430174567,0.06189654450954609,0.012044362443345296,0.05546025603979845,SUAVE
1.16871856899944,0.026809944844564032,0.09535917430174567,0.16205261148432284,0.023536260441190643,0.13063781994506798,SUAVE
1.143313458836328,0.03803421499622567,0.13677805763402096,0.3383353760201062,0.024241745445042158,0.13594874851289449,SUAVE
1.0997078422384479,0.035485138475008185,0.13271349741821825,0.272828020717977,0.033236124924545585,0.045528989543903706,SUAVE
1.0702424944894333,0.027221370080057174,0.09112679798927958,0.1923467239706001,0.034956735164104406,0.10006788806716282,SUAVE
1.043725908913944,0.022919287258295742,0.08053104512146136,0.07614442417756756,0.046475035114444924,0.07559611982987838,SUAVE
1.0532580208588103,0.03419271116162245,0.11173015813148135,0.09949919039313279,0.0380838840222767,0.10065880764024356,SUAVE
1.0814965650450958,0.03095555624319348,0.10482659896875468,0.18187448663539615,0.1703259098186637,0.09272410689782891,SUAVE
1.0917601671318748,0.019893151187799767,0.07605162323901848,0.12403698373200364,0.25550646871567767,0.09358594386385646,SUAVE
1.0922943051029965,0.019821311079129895,0.07252190511054124,0.0505894147909312,0.17713853962992418,0.13378483554656792,SUAVE
1.0890512737066727,0.021942118658137305,0.07252190511054124,0.016295057191949,0.03970200106907572,0.06663999466453228,SUAVE
1.0877808096962935,0.02592508546708912,0.09912572472680847,0.00926066952223218,0.08471190392540276,0.10190156470284886,SUAVE
1.1024388988032183,0.02777422796192179,0.09768767098963438,0.03292010530562339,0.257954483495743,0.18585537985816347,SUAVE
1.106268709442339,0.03304858810068917,0.14423704654901814,0.053250602500503855,0.3326025055026896,0.05612684047959787,SUAVE
1.084854775649068,0.04748595320102144,0.19348965462428924,0.04383727485447363,0.32003333159740305,0.1587470944615995,SUAVE
1.0742272517575346,0.04081272164559662,0.18099020157244738,0.03667418104819186,0.20869558904990995,0.25916570417827706,SUAVE
1.0718738950633846,0.015299882842085718,0.05198764864881311,0.03923173318741971,0.08933373134239696,0.1495365284247743,SUAVE
1.0900019135560717,0.028384768992695524,0.1017063143904604,0.022902304590489485,0.23520302341216243,0.26514981928462,SUAVE
1.0975634801433973,0.0304237909457998,0.10081429814924836,0.020051489276914625,0.28873190948621447,0.09920071684328811,SUAVE
1.1016334192910333,0.023901384223792697,0.08644995004070744,0.024250544094697932,0.2474824707597153,0.04333969184118515,SUAVE
1.1101762620960318,0.01772005676673417,0.07494153672373982,0.025793711550599993,0.18563333034057578,0.09454301783961748,SUAVE
1.1150170879699353,0.021437355287250208,0.07494153672373982,0.02589002381870927,0.06833434145597819,0.0637796205695832,SUAVE
1.101918724178677,0.035314661324113,0.13746069871035904,0.05589832038820327,0.29042999538997727,0.11129492351405794,SUAVE
1.1060944765425436,0.042197262495055864,0.1690264678151454,0.060680584484111004,0.2039443932927688,0.053370653609138674,SUAVE
1.115851671481807,0.038357710019292786,0.15300655159581944,0.18374862055415697,0.030976980700728938,0.04851867910632174,SUAVE
1.13812774553963,0.030805326912933945,0.10024860936971991,0.2513672479328469,0.016057673831812908,0.1173563613766018,SUAVE
1.1590920835409442,0.017311129542758923,0.06163608400737819,0.1021044345538212,0.02053506486205703,0.0982803246953439,SUAVE
1.1576192060298902,0.016359721800616452,0.057777822381747335,0.07608369660373297,0.023904997153082638,0.06566934004710435,SUAVE
1.1449007443325203,0.022818536912822204,0.07282306535272398,0.19545884477301098,0.017816845961056073,0.1298269617606451,SUAVE
1.1231715350906386,0.03630017578660058,0.1314154138272725,0.19195258673838067,0.016473008225579202,0.06051277183831159,SUAVE
1.1371850840451025,0.06779147900240418,0.30232908280083426,0.08469175481316545,0.020284202939452392,0.07022807289269883,SUAVE
1.1186389591673245,0.08817225016813274,0.40958484712797905,0.2076862591078722,0.030212285948306234,0.12058700869773105,SUAVE
1.0583712877461813,0.057749608435817924,0.20483240407519565,0.2467316671113693,0.03252896145488406,0.16054042066304258,SUAVE
1.0247968273082604,0.040942187764255865,0.13451054449127242,0.09223583299829241,0.03794358385228727,0.10530328685384052,SUAVE
1.030413836006124,0.08334902459224033,0.3644399876231994,0.15561228172037778,0.038268292648382184,0.1706074897405022,SUAVE
1.0563164153228366,0.08975465105597116,0.3644399876231994,0.2886942250124785,0.06562709467556488,0.19927691509276454,SUAVE
1.1123051129080361,0.07613848653587567,0.30187105602388276,0.1561323654965733,0.025793711550599997,0.08093410213802885,SUAVE
1.1259223557596931,0.06168453723484623,0.2753862497847742,0.18199760682187252,0.03233821269025238,0.06969954567044656,SUAVE
1.1499877795471993,0.03816595636735222,0.15762221369452223,0.17554000493714628,0.03314185001206514,0.06491348088032256,SUAVE
1.1603142490088738,0.027893431968357175,0.09888182152128855,0.058585398256638055,0.0708079091627482,0.0414921679356478,SUAVE
1.1438216307964213,0.026016858423241515,0.09212308118228774,0.09885171835745814,0.15218701944938962,0.047568430240607654,SUAVE
1.1255474250585602,0.04024666376291212,0.13567235315348092,0.11699770178179665,0.20420991378698755,0.06316454701808605,SUAVE
1.1152241921904262,0.03876511945736882,0.1255785343887854,0.06123470330530629,0.10991196477181181,0.06961787765286222,SUAVE
1.1122653761054127,0.029926573204295374,0.11139711013483033,0.022365052102679205,0.06134260799440758,0.05411691048092085,SUAVE
1.1108124412194802,0.02304171070078932,0.08439945699780993,0.0272,0.12984886941706072,0.08649870904624339,SUAVE
1.114898511600003,0.02869103516369975,0.10384609977441994,0.03685406656289401,0.2273645726336645,0.08247892660148612,SUAVE
1.1109179559611337,0.02889916590151775,0.10041963303767742,0.020717786239525367,0.1320767453667248,0.03559375725538895,SUAVE
1.1228396911013923,0.027150716761508254,0.1076015316678216,0.01521169141008177,0.10789492831248165,0.025208111569272405,SUAVE
1.1144214497655431,0.02953470787280962,0.1097623182372005,0.013101993062974129,0.2159736609455473,0.09344907109698251,SUAVE
1.1001129443954565,0.025882611413050087,0.10546661685769343,0.03832399886349139,0.1704448558592746,0.1406817685416273,SUAVE
1.0928318887715762,0.023575330692973035,0.07602276588766599,0.02615509298184368,0.06292768336220025,0.07225830209894378,SUAVE
1.091065423045266,0.02458677086811154,0.08468604919430822,0.014493523457814602,0.03895889571786597,0.07366760180401936,SUAVE
1.0943358394409632,0.03410186478345675,0.13522303881124076,0.014784977360671053,0.0863464854846771,0.12333729723359796,SUAVE
1.1060340563956919,0.029873055187320394,0.13522303881124076,0.037128964434791335,0.294106375313423,0.21741691644293817,SUAVE
1.1172566623430311,0.015455865664643435,0.049753043697098986,0.03127398635003574,0.20749511373095567,0.07275847411508542,SUAVE
1.1266381457436911,0.053859897467568356,0.23790224162423557,0.14910124822489657,0.026751863901833497,0.06478628112665691,SUAVE
1.0907786128804657,0.07458608683416698,0.32018956453028424,0.24505781630736315,0.02469511872595248,0.14945233353815526,SUAVE
1.0445514888722311,0.03759681406899604,0.13020546491857632,0.12537134175453865,0.02630960956676392,0.11431574208694481,SUAVE
1.0254441011645474,0.023829856346617453,0.08561486041718058,0.05200341869103948,0.037300938325999254,0.039985775248483325,SUAVE
1.0599567915502315,0.053624621644717214,0.178026516054267,0.21986597938036911,0.04652091524847244,0.15424770842886307,SUAVE
1.1058793261026152,0.04593890252816462,0.178026516054267,0.1448969595570897,0.035800931086588605,0.08177845410348349,SUAVE
1.114333566066507,0.030609969032453145,0.10435238057859486,0.05213316283007071,0.03908281804919736,0.03353644783415993,SUAVE
1.1186326881694058,0.040326694536277075,0.14565105918747423,0.2073717006301058,0.028203703460518953,0.03348764282869462,SUAVE
1.1380433674639931,0.03913345249972047,0.14565105918747423,0.24870437605049628,0.037194025804630985,0.0923975949662953,SUAVE
1.1558472745397848,0.02304802100581591,0.08786826061406106,0.0894530541059884,0.01965027565540324,0.07637102417365721,SUAVE
1.1645453929409093,0.029654023562344454,0.12993168789430176,0.052273468945111666,0.018601792028368307,0.0543503040980964,SUAVE
1.1501575519889733,0.05054904156095922,0.2142529343219739,0.17938244680632,0.027669156514469724,0.10428132889235521,SUAVE
1.1234906647755352,0.0375685084730921,0.16604119978813459,0.15077541797874966,0.027317393726342197,0.07946040243766427,SUAVE
1.1161210217235906,0.016994063670040145,0.056185063683219294,0.0752,0.1320078112166936,0.022992172581119883,SUAVE
1.1055955898060703,0.016740921958913337,0.06135418218097066,0.03308816505439168,0.21633981500305385,0.04974316256755522,SUAVE
1.10302009279118,0.013406773124197588,0.051460776204771186,0.019144363835517406,0.14010434206928302,0.0634890716755429,SUAVE
1.1123800189395,0.014367560596394382,0.046582338779550536,0.019805274269468952,0.060926184846911265,0.0420759102364075,SUAVE
1.1218257752753913,0.024083118453263008,0.09361752913452714,0.02650081759745033,0.19166452172712845,0.08852208763918755,SUAVE
1.1163620360111792,0.03008107743484068,0.09361752913452714,0.017478367582052203,0.16660670921531207,0.03862894711942786,SUAVE
1.1019268767465473,0.02877658139759179,0.09519374968605554,0.021366640665610805,0.15411764626053984,0.038193891309126,SUAVE
1.1065254292828621,0.025327343926626857,0.10732810154260974,0.029497721192586313,0.28896455761140594,0.14596925094766441,SUAVE
1.0971635117565437,0.026866865653596576,0.11668268156034078,0.02207703683820715,0.14895093897730968,0.1617825151931513,SUAVE
1.084260456844036,0.026261411317024298,0.10700248812217672,0.027084723041268525,0.16364427545407415,0.16107946968982595,SUAVE
1.1036880099720376,0.027222110693896757,0.11288690142721558,0.019740539224876532,0.1764047870350714,0.1338337276872563,SUAVE
1.1122115037667082,0.017250243157648934,0.06273754525794151,0.018844863726991738,0.24455150786695223,0.03984503314927304,SUAVE
1.1058239770956007,0.022443967574136633,0.0724679630257794,0.04112722807203142,0.2260282774836419,0.05242832143878814,SUAVE
1.10193365994089,0.02553577404234236,0.08459618728229712,0.03713662462972219,0.19076715300770905,0.10639164545311923,SUAVE
1.0882879495786897,0.046078253748139265,0.18939214909552748,0.04083571421630281,0.12195562034335826,0.056432614683354865,SUAVE
1.0937972674275493,0.05484588499933011,0.26741872014443047,0.03894246468260009,0.29307673625406255,0.1289382281042619,SUAVE
1.1167116934719377,0.04372406274624014,0.15814673291929382,0.019566865416367082,0.15622342974086825,0.05318379034588972,SUAVE
1.1272082401134873,0.036500001190695616,0.13887257765375693,0.018754081037351725,0.024978568591672516,0.03648171535928035,SUAVE
1.1284310194558425,0.034459169024343504,0.13887257765375693,0.093323428045814,0.038748419322599474,0.03612718274835902,SUAVE
1.0917833549416636,0.0637790917071758,0.21726321568654117,0.21545016438455863,0.04772066871097074,0.13546404196932357,SUAVE
1.0395287453371844,0.03462158697064407,0.15072673454054464,0.14035282524963846,0.03747971303103705,0.10785142043055757,SUAVE
1.046954318571727,0.03181176130527896,0.11349018372167308,0.13298193695218744,0.0499485957983027,0.11079029239463578,SUAVE
1.096229544708,0.055090095685379106,0.18393752754691817,0.22113243894905052,0.05302309769231602,0.12934845272450005,SUAVE
1.125462387404627,0.0281711650003553,0.10001981209994582,0.10157655022472241,0.05569185059074822,0.03293522261787348,SUAVE
1.1130363386315631,0.025281921452114733,0.11012580953548778,0.09855994227992539,0.01219107141403996,0.0257771647436684,SUAVE
1.1298498937676353,0.041224801029593625,0.17849897531984005,0.25387534999155265,0.029878569056915844,0.07668046252686103,SUAVE
1.148954369953174,0.03226332952707099,0.1226359244221753,0.1508975222534228,0.028999310336626973,0.09353730093746916,SUAVE
1.1493761719002396,0.017096260837312832,0.07281316100695134,0.03276420811393637,0.01658057766049047,0.027604830495162738,SUAVE
1.1515277609413201,0.024783377119955204,0.10904981176188389,0.12232241549827787,0.025669350509032275,0.07699512250064215,SUAVE
1.1357646517604467,0.036823757885426356,0.11932258404061402,0.19045601416950142,0.025859792901121403,0.06789272584174406,SUAVE
1.1301721634690152,0.028555459252115806,0.11888929024988526,0.12123688474314334,0.03496283741345945,0.03582674358011835,SUAVE
1.128915986134342,0.054247853263143096,0.22517771483900428,0.2080249557678651,0.055862688800307495,0.07347332093276364,SUAVE
1.083222367383912,0.07007783386487308,0.22517771483900428,0.1993814434695466,0.023317709054612452,0.13023766309669754,SUAVE
1.0348995645950356,0.06351029733572955,0.2537815430063325,0.11491260447255847,0.03852756588902721,0.09087192452384107,SUAVE
1.0895265555834313,0.09181222510376616,0.3296315836639653,0.2306868584611327,0.044298783529824186,0.14375139033144066,SUAVE
1.1283711427943288,0.04623307736192895,0.15790573669355745,0.05004957542277457,0.06448924113541904,0.044192709303182025,SUAVE
1.1072417068990914,0.03247669682279648,0.11121587933334998,0.054454874284432374,0.25438183023863076,0.03922448215082005,SUAVE
1.1117786558920983,0.026218701393459765,0.09339807842208891,0.03233821269025238,0.1774834452373892,0.0746599997023544,SUAVE
1.1081530220134108,0.013468969369571615,0.04731616067823241,0.008219218670625299,0.04606931974994012,0.029642012227392527,SUAVE
1.1157519914784717,0.01709269371664175,0.07182693280742658,0.046410726729448605,0.12785992335364513,0.07796705857105439,SUAVE
1.1126355160279007,0.022664402484819397,0.08971261419198173,0.06325342327143692,0.22999346850629382,0.06772283383189326,SUAVE
1.10809987899541,0.02027785747289778,0.062423388792799184,0.017640357769110642,0.14489254255788628,0.019088565512718158,SUAVE
1.108609555875138,0.02509287991302004,0.09680845495843515,0.02207703683820715,0.19965837489738983,0.07495942606207412,SUAVE
1.0980853332837135,0.02712073303819567,0.11819141497577657,0.014508235209317806,0.12830630018306455,0.08459682158463297,SUAVE
1.0948642927912302,0.020387423511221532,0.08679526498623424,0.011883882642750504,0.042167075096836176,0.037819689169649326,SUAVE
1.1061477210142043,0.04009180250893303,0.1717083142421174,0.008820178884555323,0.24744827517864998,0.11246380158373921,SUAVE
1.1134473071964561,0.039630301079193755,0.1717083142421174,0.04199978835925512,0.25429711406585453,0.08658827223642292,SUAVE
1.1248493933440131,0.037241226621480814,0.14467350800280188,0.15368331073997593,0.028226386394451713,0.04886916773954263,SUAVE
1.1425797503929176,0.042414392117829214,0.1464592497236994,0.19321209992015395,0.025868041200592582,0.06066652014634325,SUAVE
1.1663221186004016,0.04215426823154645,0.14220533768638255,0.09797741236291829,0.01966112916391121,0.029754551472561876,SUAVE
1.1558245029755834,0.040613441796763156,0.14220533768638255,0.21397304087716804,0.03546165378107582,0.06910423688570444,SUAVE
1.1183820127500548,0.038634270932290035,0.16589841347748635,0.19333903439870134,0.02889859665950734,0.05088654046012558,SUAVE
1.0885037755675682,0.044602659582310834,0.14365962733498994,0.22365306466340526,0.04316706563522191,0.09586434860433429,SUAVE
1.0553683182861475,0.030921073038769176,0.10945356216472013,0.14649104637030436,0.042091118091851905,0.09779434203129206,SUAVE
1.058503952503576,0.07753740517307413,0.2889310518678857,0.1451573246132929,0.046601859762603184,0.13986558626846785,SUAVE
1.0887130841790458,0.08449272357634884,0.2889310518678857,0.16213552630095876,0.048128716306726216,0.1365557273301514,SUAVE
1.1024513555670068,0.06134010603568294,0.17818035864402404,0.18611805094855494,0.042135021063243815,0.06107423533882531,SUAVE
1.1226616071854674,0.061065940466655436,0.20424523476661705,0.25069162996265615,0.08015540461434206,0.09018854324875934,SUAVE
1.1481464744980954,0.04002257401676472,0.15415631839242816,0.11355554685801227,0.03769916002600942,0.08133114751161181,SUAVE
1.1545813255065838,0.018764224598781007,0.07159190284957817,0.026054302267891696,0.034104154194662756,0.022221511099732992,SUAVE
1.1564114685311548,0.027673973024317757,0.08878746895161149,0.06023361925776076,0.024591236017916806,0.057110263720475174,SUAVE
1.1488476531216425,0.03648200355738575,0.11897722251970233,0.17668875333635572,0.018750288886663406,0.07523781555101723,SUAVE
1.1258061259086036,0.04689314306656352,0.14622029412313386,0.17855399432353478,0.02867627745870947,0.037546060601169134,SUAVE
1.1073126196093537,0.03416961301903959,0.12264719738527186,0.04003909200879672,0.12272636228618528,0.033075267698589095,SUAVE
1.1100892377944902,0.03497071345447076,0.14237110908412132,0.02633932421304692,0.2388857095395667,0.06634375127571049,SUAVE
1.112511379622372,0.02878014727887001,0.12354819487445257,0.01488086019019062,0.07787579855128292,0.03747971303103709,SUAVE
1.1072277333101799,0.020677199733073092,0.07369288228528803,0.01215017146655415,0.030644629763358747,0.023087851543374262,SUAVE
1.1073724450404254,0.02688000431281335,0.09519059174231748,0.013129102533430581,0.10261851684759433,0.05261516469189809,SUAVE
1.1158462585548279,0.028126984715617167,0.09519059174231748,0.016999869280543176,0.19074143056329773,0.04325099870394773,SUAVE
1.1092349205366712,0.01975915978321298,0.07911753736835414,0.04926914743415893,0.14855607246648206,0.025807492452128412,SUAVE
1.1253518120989086,0.03607906603146686,0.11764600273417325,0.10352575632286982,0.24760685684276912,0.08824047949904981,SUAVE
1.1183696328398938,0.052857333217772945,0.15023347240130902,0.04486344713560126,0.11763415981574211,0.11201396738304063,SUAVE
1.0964041841895422,0.04256130744777686,0.14763793728755337,0.026339324213046928,0.04255819545046524,0.056065992861587276,SUAVE
1.114281039829512,0.06144182296933221,0.25735889746382656,0.02625007936495939,0.21835001462992598,0.1441308047881815,SUAVE
1.1233924247376121,0.05874345389472426,0.25735889746382656,0.02331770905461246,0.210414025726001,0.10593549399936213,SUAVE
1.1467404540240198,0.052017283391692086,0.20416086909045594,0.013737863330550677,0.06992364089172956,0.053243925057752384,SUAVE
1.1205875719472667,0.10502964786508226,0.40139336712128526,0.28897046369635926,0.053758306851644386,0.17394967343714357,SUAVE
1.0712840478167744,0.10595890190685794,0.40139336712128526,0.2873721551499998,0.06638018445958771,0.20914964339757633,SUAVE
1.0271318013247916,0.029910912846131746,0.11812311610488768,0.05108876806326633,0.031048063099366155,0.046589650734423366,SUAVE
1.0578752445931272,0.06216295957962183,0.25505736933207435,0.20745981136917416,0.02595038000149944,0.1637407164459171,SUAVE
1.107502483696295,0.06600491350299535,0.2596474443647574,0.17494146322571888,0.023725841514170905,0.11369635975800729,SUAVE
1.126959679341911,0.050377387165053154,0.1914255954551325,0.13695975077858946,0.036470018127528016,0.043707309330235436,SUAVE
1.1268402229264063,0.04848276664788729,0.1914255954551325,0.2139251790281411,0.04954979538022556,0.06751671398007064,SUAVE
1.1507162816744079,0.03324714157275157,0.1281113679196193,0.08998962903209087,0.04849082387421356,0.06318593373704484,SUAVE
1.1577338736925815,0.02843491465498017,0.09801558269290744,0.03418537699075441,0.03564167348608772,0.03187308164161935,SUAVE
1.1630545908948768,0.03490967294343815,0.14672451224510752,0.12049556930535754,0.022930232348486037,0.06878449437676101,SUAVE
1.12333231757488,0.06198255904028821,0.22261591622066246,0.2194888607651878,0.03774440355867344,0.05829335773101043,SUAVE
1.0953074069176423,0.0391758984327944,0.13069438990310744,0.07579340340689285,0.03991101212558871,0.042538139749327714,SUAVE
1.1114786416547764,0.04097189050947773,0.1690467314992652,0.015744628713733878,0.2046575893752511,0.05182946394989373,SUAVE
1.1151086288369676,0.04245090372031443,0.16656660708610183,0.017616154202574664,0.18354649426114236,0.07151640060542447,SUAVE
1.1119979386348255,0.021148312901150386,0.07558893013324752,0.011937615618986342,0.021869918457400182,0.022805847203440328,SUAVE
1.1086381357719195,0.020076949772389066,0.08593605881879363,0.015141407537683617,0.044394994712867744,0.03399973856108637,SUAVE
1.1213462258394034,0.04291047031195024,0.20442253920352194,0.023860334355485374,0.17702047590289915,0.07918877586010674,SUAVE
1.1216550016754383,0.04653232442585251,0.20442253920352194,0.023991109464410635,0.1430054544414303,0.047992592020945135,SUAVE
1.1061195931509291,0.045796422505366176,0.166692363897617,0.0264390283902836,0.1353537587213595,0.063164547018086,SUAVE
1.105816405097785,0.04928229786929492,0.16295957353549428,0.03586245328411814,0.28457769101288005,0.13253199194492207,SUAVE
1.0909403267081579,0.03376196422846176,0.12912728679744956,0.03696965722799653,0.12404558301957658,0.09371502903305672,SUAVE
1.0935438083638407,0.03244388780300968,0.12912728679744956,0.018467509006059504,0.09422658270832542,0.08397417592463902,SUAVE
1.1083507698777069,0.056880320951048946,0.25045565629490474,0.03907917888367439,0.26197553745001123,0.15704923502590587,SUAVE
1.1246496774024792,0.05456650179826384,0.25045565629490474,0.034372081694305334,0.17015423069151767,0.08538998119737985,SUAVE
1.141147072343709,0.03715049503548579,0.13191585328837063,0.09764661910287638,0.02878765167374527,0.04105800774514023,SUAVE
1.1029287116401814,0.0709214850361283,0.2224933254979562,0.25590192565816217,0.08344408640254596,0.1362726678391525,SUAVE
1.0416633140798945,0.038835637844096,0.1092577230984384,0.14834530288785314,0.0630202789231812,0.10705927745360924,SUAVE
1.0437051564820417,0.043242876093026975,0.1679102529095563,0.04330029509778838,0.016044382886924082,0.07586373749471262,SUAVE
1.0564463199677463,0.05866151231094129,0.23710877159775734,0.17831208596166442,0.06900743921249844,0.14023370968969384,SUAVE
1.1094673273764135,0.0648494370387125,0.26872864637092175,0.17711083786400222,0.10052095414500511,0.11383075155686181,SUAVE
1.1150553544740864,0.040972630604701445,0.18238115759040352,0.048797814158696357,0.024303269098804155,0.04180462494349955,SUAVE
1.115787541663341,0.03829049319190107,0.13602801613527515,0.1822974370515273,0.032214834402112875,0.03002102966625598,SUAVE
1.134581221720864,0.035689185827903175,0.13602801613527515,0.1591859290264061,0.028658913680272905,0.04732413056077559,SUAVE
1.1523178676431611,0.016076854283444776,0.04846191853338966,0.053399958385335414,0.01585713999713974,0.0319933326387442,SUAVE
1.160436142733613,0.01771511513370747,0.05930803227108661,0.019402634414486655,0.019369621117157204,0.028777769197767946,SUAVE
1.1433765408203616,0.043401450455767945,0.14415368192137779,0.161088298768098,0.02550259246081116,0.05120138887005143,SUAVE
1.140613361759697,0.04406766360090607,0.14415368192137779,0.13942204512438724,0.022112439937736404,0.048523075839118905,SUAVE
1.1305002762292558,0.04797838519141879,0.16280480038652945,0.21984333816000276,0.04096611065529924,0.07511295198270104,SUAVE
1.0743482461957854,0.06522866876898428,0.19772614341673167,0.2878362497439589,0.06336125700212149,0.19286951259566373,SUAVE
1.0289172623795197,0.01542942570007738,0.05703760923308865,0.10015099711047423,0.014120749114531973,0.0876899588829239,SUAVE
1.0273151203828013,0.031166917816877606,0.11720291842183417,0.06619244669900033,0.021951056669073793,0.06869138713599154,SUAVE
1.067892597398241,0.08798825919048407,0.3364848950328011,0.2519944972944184,0.0681874540431661,0.2144311751795641,SUAVE
1.0957112610045594,0.08289611475293525,0.3364848950328011,0.19176578306766712,0.14892802139139416,0.13075534405904796,SUAVE
1.1188605901415223,0.06534049149007617,0.24761263873715988,0.06946449132870373,0.256681592639597,0.06425283391934294,SUAVE
1.1289573622682607,0.053609148910962356,0.24761263873715988,0.020333224043422134,0.060618442371571685,0.05348245818334581,SUAVE
1.1170886144457375,0.03100044315332086,0.09875254783802645,0.032688156196940134,0.1332335626718066,0.053635146022816875,SUAVE
1.1149588562137684,0.034803480915261815,0.10435951870342675,0.0502254472907465,0.1514577462161935,0.041957438752462745,SUAVE
1.1118138636300485,0.0708956931462705,0.3106133488269609,0.06515622252197663,0.17424866012556756,0.0994884694603126,SUAVE
1.1002702806071143,0.07686856496259059,0.3106133488269609,0.0661666582703605,0.30453099823973406,0.1739263701174213,SUAVE
1.072458506787487,0.034350418034628065,0.12569374284981527,0.0184675090060595,0.10894761228325392,0.0880783489602045,SUAVE
1.0745889687657892,0.024152602486645584,0.1029479445716035,0.024686478530203983,0.13077709619382474,0.10582669270504909,SUAVE
1.1053568115084262,0.054235774650368836,0.22121257696683017,0.045641306827137296,0.25245799650634954,0.12926706205887611,SUAVE
1.1092426584624513,0.06158726584141137,0.22121257696683017,0.13057575068391017,0.07570046234997511,0.06691367573224472,SUAVE
1.1202956027288995,0.04728526027870357,0.2047706168390384,0.02927995142679638,0.04527525691687335,0.046461262239513974,SACUDIDA
1.1317557631881423,0.07653382143705587,0.33272017259458253,0.04846148528012276,0.17620271154427664,0.03575322829246799,SACUDIDA
1.2576101481977693,0.27886182088981754,1.0049827539117608,0.5961774530754711,0.5638342388405381,0.17899551825550147,SACUDIDA
1.3445251306020725,0.3692015346385769,1.2510692522322042,0.880463473909559,0.5924712838798368,0.16406481104192397,SACUDIDA
1.3408586849773856,0.3369935512548907,1.2510692522322042,0.9072207718570431,0.352299468571208,0.2010238681240503,SACUDIDA
1.3656263501147161,0.33938474509867517,1.1840132109462709,0.8799983838368997,0.29687150980404525,0.2789996097169712,SACUDIDA
1.4436393149442428,0.37377559446007774,1.478959227739374,1.0246818563176898,0.27700750090124915,0.3353778366757907,SACUDIDA
1.471512053673886,0.44261587096013244,1.6623967786699871,1.062778112098455,0.37357173340604877,0.4118024121671298,SACUDIDA
1.3625622618375421,0.528557359816474,2.006043764794613,0.7930006697489116,0.8470818509578765,0.45998137160348385,SACUDIDA
1.411155226977659,0.5448296296766824,1.9078190408746205,0.7361054996851107,1.005385816490366,0.37459842794948056,SACUDIDA
1.4792243082053271,0.4657678742476115,1.7333814948695139,1.044037768580343,0.6642834201018585,0.322046345871039,SACUDIDA
1.4490742982209082,0.32801007845631247,1.0222989579364823,1.118940896065958,0.37681858883140157,0.289295112682918,SACUDIDA
1.433576515983474,0.29810016127808175,0.8705713881819674,1.0246159258744496,0.27404200813419505,0.3304939333785115,SACUDIDA
1.3740553690962258,0.35116659293157204,1.3055361383102753,0.9205884108667794,0.25306174916191676,0.39805339675308216,SACUDIDA
1.3220218221487192,0.49986041561211225,1.891904931803964,0.6291059476219671,0.7405744797115277,0.4819813919875146,SACUDIDA
1.3519916858273573,0.5952004268482738,2.213982450473491,0.2984420584003237,1.038751866424316,0.49334097291382106,SACUDIDA
1.3466837947962813,0.47693698762668923,2.05172483890067,0.4262326125485942,1.1129142205139722,0.471493966027138,SACUDIDA
1.32993217097332,0.4258016994762451,1.4892918936796353,0.8807847006441977,0.807748431684574,0.5357509205674675,SACUDIDA
1.3317465513329136,0.5218152192231372,1.6474876466093107,1.137509982373781,0.6443245007154564,0.48079371413898037,SACUDIDA
1.4184992516289994,0.5130942796354636,1.7515659392192473,1.0067132527851876,0.6626097359850837,0.4659435158900701,SACUDIDA
1.2708460315600791,0.5025778520799851,1.6376846620257566,0.9989496350333851,0.7142058215637531,0.42085424238485863,SACUDIDA
1.2424338897413916,0.3964840849543342,1.510710720938306,0.7282868299417934,0.6166262905700844,0.40390749215906135,SACUDIDA
1.2997867556181675,0.43188237972809046,2.016263545819227,0.4457870742356215,0.5668724959518381,0.5597767173912589,SACUDIDA
1.3170510937168207,0.5532154642385365,2.016263545819227,0.36391256581156356,0.8965196905565185,0.7904242911247099,SACUDIDA
1.6439857670255589,0.7067015384757925,2.2644062409433836,0.3786099488039549,1.3216352430060103,0.872537897298577,SACUDIDA
1.6350874687256922,0.7681016661980421,2.48074718107189,0.7216997221067006,1.0841016434510802,0.9027075913913406,SACUDIDA
1.4449714478327025,0.720459053854969,2.2721220198861634,0.9251469552935301,0.5130939701674755,0.9448344334679313,SACUDIDA
1.531765966669038,0.7992904916368858,2.3931319260970403,1.1739543810936135,0.2525630394354821,0.952951531937602,SACUDIDA
1.6943946953541784,0.7178772060890969,2.3931319260970403,1.1239377127858208,0.270707517442719,0.8986544014988929,SACUDIDA
1.522912487473111,0.5338818428876643,1.809753515847698,1.0236764766706759,0.35881721747368195,0.7875084309954331,SACUDIDA
1.3529301799859754,0.5798199100437276,1.667716799868381,0.8218670992860639,0.34450134010382794,0.6539145170093378,SACUDIDA
1.4897943296707745,0.6067828183247628,1.8381795928848448,0.6166382840315167,0.2707022636690642,0.4721012320819904,SACUDIDA
1.3559740087874936,0.637647411055756,1.8381795928848448,0.8516364795693838,0.2762015367243435,0.699822250448085,SACUDIDA
1.2347507098440857,0.6036756451435874,1.9188807680857143,0.8962894770478267,0.3693736680743048,0.6442751655068577,SACUDIDA
1.5676050860642063,0.5799392159059705,1.6026675956915093,0.767658072031784,0.5944264985868498,0.6885059638247313,SACUDIDA
1.4906212665437446,0.5837663685592513,2.3728663457032084,0.5865545347384352,1.0408152701928746,0.7287621895302259,SACUDIDA
1.3074984751295198,0.5730077406696298,2.4524703754962074,0.3633517059574955,1.1485846285271664,0.574380439159351,SACUDIDA
1.3608173301395807,0.5603933683807443,2.0736535454038085,0.45068907242133127,0.8089175867925126,0.5997839018253899,SACUDIDA
1.4851697969440778,0.5610511630666317,1.811942879209053,0.6186726436492889,0.6279536288612401,0.6555150511027357,SACUDIDA
1.4274965338024879,0.5995445321090686,2.0201342378641725,0.5726213253295952,0.857280288664876,0.7459470818287909,SACUDIDA
1.36852455119644,0.5516233190374721,1.976680521682182,0.4719725792411626,0.8652635205531318,0.5708545485108756,SACUDIDA
1.1569755151118977,0.32491505161332873,1.072668693577925,0.5612952639505641,0.500768192103115,0.2916875040175702,SACUDIDA
1.2201421851618244,0.4551790651181809,1.6438008597055012,0.6144806660008831,0.8197319453469055,0.5128236430673696,SACUDIDA
1.2725259489806688,0.44548502687615466,1.5652876118596653,0.46954767832694283,0.8468125858509399,0.5522470300709839,SACUDIDA
1.4260710915402621,0.33830032299693547,1.1579525716756403,0.3983507332322443,0.8510898007195767,0.4273997036342756,SACUDIDA
1.6325561442079706,0.3648866984085199,1.3258475431498746,0.3167416332316013,1.0327596170777915,0.30596975885425887,SACUDIDA
1.8449931712899086,0.572797751881302,1.9225774253979975,0.386551707048646,1.33921592981366,0.6098565805899686,SACUDIDA
1.8524690028640527,0.6546841936597088,1.9792904610831168,0.4634177189342486,1.4980468469161954,0.6052401690421928,SACUDIDA
1.852130362877218,0.5898431872752038,1.6413816330923234,0.5019375082838721,1.5990949440230244,0.43885053897147663,SACUDIDA
1.8064159296778048,0.538391328254464,1.6378587268452391,0.4361083657379972,1.452574725559182,0.46061863714887713,SACUDIDA
1.9551768926424036,0.5854904369932346,1.8567494909220914,0.4522493707384604,1.5059778956618926,0.7146223866879315,SACUDIDA
2.172413643357524,0.5780779896813999,2.0921018291659257,0.5337281205507788,1.5558217321474277,0.7765233515841977,SACUDIDA
2.187320144643932,0.5066245666186311,1.6040834926066279,0.6390142408428783,1.4607645121647774,0.6934833683818395,SACUDIDA
1.6828725008437562,0.6917401336994624,2.563609929353435,0.8410649756905427,1.2313922310404053,0.6588715470830073,SACUDIDA
1.3354082479657092,0.6412787313369709,2.119575397422409,0.909479401758073,0.9521282453301948,0.4404196786399688,SACUDIDA
1.449511827714133,0.5846154245742815,1.7917039496012839,1.1019748252821184,0.5643920465618046,0.6417084973378142,SACUDIDA
1.5735401646284501,0.5379121523393983,1.7841499452964604,1.0204408981742483,0.5652656563264942,0.8386121868897446,SACUDIDA
1.3615486464527804,0.44053022977158024,1.7841499452964604,0.7031896346094858,0.7988069325910707,0.6994926415306707,SACUDIDA
1.3470643311216572,0.33914415001062537,1.37463007461939,0.220243743762829,1.0699531370838422,0.4001871562156887,SACUDIDA
1.384988994374468,0.40669810932467654,1.703987937841241,0.1996341542811639,1.1545849393709509,0.5294804833251385,SACUDIDA
1.4058890616722277,0.4638835481781854,1.7348291150110058,0.5117620280299559,0.8286476908527263,0.5807431866917501,SACUDIDA
1.2948319724962054,0.49435105239251376,1.7420227484172788,0.8993190905716761,0.37742331082692226,0.5946873539002565,SACUDIDA
1.3248022578279428,0.49478646335631665,1.7430530199612244,0.8812074141010541,0.3180670509324864,0.6928656884434545,SACUDIDA
1.2850093363820447,0.4596405175906253,1.9678549366347835,0.6227169715582407,0.5449299241390788,0.6278290496270107,SACUDIDA
1.2131624477912892,0.32082904368066106,1.1962591996058105,0.3007184286559993,0.9181266337251934,0.3415024581008003,SACUDIDA
1.2400751458713748,0.3982806789925363,1.594275286313834,0.16115229511931323,0.9890811538437525,0.3563455002600082,SACUDIDA
1.192552935903822,0.37530560223260057,1.594275286313834,0.20733980697289062,0.6510919921349227,0.30538701129332047,SACUDIDA
1.1682086077012426,0.14631876922000756,0.46976709757473345,0.20315310044944485,0.8699215188101102,0.30445112725836454,SACUDIDA
1.2843658950679386,0.3454357358269886,1.5308040848591755,0.1927145961144499,1.1061674054540247,0.32980705470522204,SACUDIDA
1.235518704098567,0.35317408147059337,1.5308040848591755,0.22606414035745598,0.9573294707442968,0.33535323996579425,SACUDIDA
1.241445907074391,0.32070473410118033,1.273941194717715,0.2256674446072263,1.0634446671077908,0.3003090556225185,SACUDIDA
1.3633072356155218,0.3475035462433416,1.273941194717715,0.24845406461199668,1.1272552308840955,0.39304839396695157,SACUDIDA
1.3672730608870738,0.44294060208169145,1.877262384861763,0.6416791306148788,1.0226449367530581,0.6057605540879076,SACUDIDA
1.5392510838315698,0.5615169640565975,2.1241942973247046,0.9125726856895655,0.4415388041334029,0.7280519639573965,SACUDIDA
1.4238750454860483,0.6522327714669339,2.363624976406565,1.0904607466571183,0.16325663505318516,0.7678706372531481,SACUDIDA
1.3669526054129804,0.6134453856875373,2.389171480941533,1.0683088691946725,0.16201969701928906,0.7214161874781821,SACUDIDA
1.4242343124903407,0.5999309597432855,2.276317570458055,0.8062389609924728,0.669649646374049,0.45509821162274655,SACUDIDA
1.1895538253470448,0.28034186856208104,1.143554700047746,0.36547967871764847,0.9002386251556985,0.308959083950538,SACUDIDA
1.2325234436615087,0.3040641831775699,1.4113472233720452,0.1982691324661731,0.9971659039497892,0.3012542669130735,SACUDIDA
1.2551777045124177,0.35640856250695013,1.4113472233720452,0.22026634382542928,0.9836311503810766,0.4209496987632714,SACUDIDA
1.2417548394645717,0.39081877982808844,1.5902084731632184,0.1888169483918221,1.0315025157506887,0.4504264448522336,SACUDIDA
1.3092713822516029,0.4414007033867421,1.7540403290583533,0.203140498724952,1.1267727287355789,0.4255615688580078,SACUDIDA
1.315438551787672,0.393000190590393,1.7540403290583533,0.16465797547913946,1.1367835795201595,0.339372911902723,SACUDIDA
1.1623667813811027,0.33302652378111847,1.2615690870730785,0.09840180666814789,0.8764357718750543,0.3849983318867181,SACUDIDA
1.1833018718291775,0.35719109748923594,1.0588693322227765,0.10548680802198286,0.7817497866254195,0.440089364662325,SACUDIDA
1.2431741825701772,0.44125104546539584,1.7470202028197552,0.15159853414712016,1.0430587498101704,0.4442581831923114,SACUDIDA
1.2311376870051371,0.44042675778042195,1.994189393256356,0.15025998210509087,0.9792817685539859,0.3639190141898179,SACUDIDA
1.1926171890294481,0.3148455289473931,1.1962398322482555,0.24345366887539177,0.9325724136315993,0.38364094324424414,SACUDIDA
1.253296948838703,0.41791971880366097,1.5923783129311082,0.6096612392687161,0.8281511831919472,0.5206925985859816,SACUDIDA
1.2677664223019527,0.41553471393339336,1.2216879635565605,0.7475078119249918,0.5800558440548825,0.5249186857663448,SACUDIDA
1.2523878123632888,0.3762488105547926,1.2216879635565605,0.6847932502263406,0.6141559700561051,0.4198866302017989,SACUDIDA
1.2338922823151715,0.3533134146567179,1.2233976637665096,0.6602677436717118,0.6542390456774105,0.4629371735631808,SACUDIDA
1.466094676996561,0.6074427254885978,2.023211750222423,0.6113116826409695,0.6840395570108175,0.6239809683707419,SACUDIDA
1.3260281873115958,0.6448633290254537,2.023211750222423,0.6135501066199348,0.5616840709469653,0.605791544638546,SACUDIDA
1.173193845306622,0.2831502569331842,1.2680619202283787,0.19735207118244286,0.5209707178804668,0.2892793805303102,SACUDIDA
1.2789363589093938,0.30316495486711914,1.003111070343024,0.5142377487332316,0.5224534258881094,0.2245681683191592,SACUDIDA
1.3343359714470362,0.31081620823646605,1.0337501312240014,0.6637729196712449,0.5988465357112231,0.16246895087985272,SACUDIDA
1.3564047335310083,0.2759493894201265,0.9266545899328602,0.6985137746196085,0.5861953258087274,0.14628459324967283,SACUDIDA
1.3535032441265904,0.26179311451117615,0.8642197096563253,0.6974673676157824,0.5205995859476733,0.13487113190828576,SACUDIDA
1.384902857252151,0.2696750068288895,0.9352287772665923,0.7352074960323937,0.5384312356796879,0.14026413178951583,SACUDIDA
1.3038312497199975,0.299403082126626,0.9352287772665923,0.6855665491645091,0.4987284097248388,0.1730800200292724,SACUDIDA
1.2031564151621195,0.1875049527903322,0.6448362437969019,0.4714366506282213,0.4313249046059517,0.16466186227809065,SACUDIDA
1.3908104630075893,0.25850516949430946,0.7606040616581498,0.6603178224663231,0.5918284436107026,0.18828555146077697,SACUDIDA
1.4384450857054176,0.31951630434653333,1.17405723869848,0.7901236583950358,0.6634506964851771,0.21386201158691084,SACUDIDA
1.3773672489450324,0.2984578052817408,1.0599993438163613,0.7308668338958123,0.6033836443111648,0.2115777766107668,SACUDIDA
1.389335831959283,0.28106620697030393,0.9710186878517171,0.762052619938778,0.6316452450193507,0.1786853721551437,SACUDIDA
1.4366252358350644,0.34058018893526204,1.1125021351054636,0.8552388724145371,0.5903632629341211,0.16835011137507455,SACUDIDA
1.4795736433899325,0.29212411823145923,1.0527923719624548,0.9639191851786932,0.5101338212229763,0.11348977438028897,SACUDIDA
1.4673699453288702,0.29765815439675264,0.9469219168196974,0.9936724253439303,0.36385550245484355,0.07468856821644275,SACUDIDA
1.42634677055382,0.3202048669170343,0.9469219168196974,0.9299733807420988,0.32122720239038843,0.07940847981586516,SACUDIDA
1.464039193243767,0.2887719526653163,0.9092322201142351,0.966893987064881,0.35240885346426815,0.10932227586361344,SACUDIDA
1.398231122617838,0.2550427305561298,0.8485432222763551,0.7972559159740087,0.301828972911629,0.12578924172334188,SACUDIDA
1.3312357928799956,0.2440241731642642,0.7278925935675851,0.7701245613535515,0.24759307116494372,0.1624838316742794,SACUDIDA
1.3263102774701458,0.24267779985761348,0.7459961192848714,0.7259691331056866,0.3701554268141965,0.13904410171676546,SACUDIDA
1.2249354202472273,0.23202848149257094,0.86201264437931,0.5918801079798359,0.4552786497178282,0.14141280784363988,SACUDIDA
1.207863059446488,0.21056914056409723,0.8372467086933427,0.48127711583060157,0.511938468524837,0.12978642284752115,SACUDIDA
1.2704803754599192,0.2720806539206501,0.9039439660499372,0.5850963225543865,0.5815196031853861,0.14273867341715382,SACUDIDA
1.2678948777227594,0.3175404106215807,0.9789625847925552,0.6042224167381486,0.5529749843648746,0.1639447061257748,SACUDIDA
1.2713304022889846,0.22988129157399625,0.9789625847925552,0.6289944850491316,0.39529895297385015,0.18763633857959272,SACUDIDA
1.2915530527153778,0.1854710544036155,0.6157058434038065,0.6278623486791424,0.3052600785486952,0.15090129224098778,SACUDIDA
1.33582281271086,0.23601768233456707,0.6350813616778319,0.7493511741648387,0.22333711439585377,0.1615753556565962,SACUDIDA
1.362940812678422,0.1984253204662873,0.6015872205508024,0.7426982159666199,0.10004656693538043,0.14884587106578848,SACUDIDA
1.3450999079956907,0.17861122821177422,0.6228528899552372,0.7303301414809302,0.06620855936609205,0.14247987772157708,SACUDIDA
1.3339165526116894,0.16668362447627094,0.5693120483489382,0.7131095474516287,0.06828124844266462,0.14426395561223493,SACUDIDA
1.296877579197385,0.14984707062579034,0.48642135330669567,0.6624785782700197,0.0719832079183904,0.14207503494828203,SACUDIDA
1.2435501972760143,0.14821956749403717,0.46774857103095635,0.561415100932951,0.08048917111429753,0.1235320201405287,SACUDIDA
1.2120984021027255,0.14677828047779995,0.5112304096523406,0.5146224506049719,0.07045755223300527,0.12154384668368308,SACUDIDA
1.1978319192412399,0.1256525364388418,0.4084658287624643,0.49996664777651806,0.06574077037036369,0.09229286718557038,SACUDIDA
1.1970937459815578,0.09308435241851894,0.2907257348303631,0.4951579949874585,0.05851860103135298,0.09157350417378743,SACUDIDA
1.2022718327355049,0.09140992038145127,0.3085680672952893,0.49226045499872884,0.05301907413584494,0.09548156308360732,SACUDIDA
1.1805451746602138,0.08760226739732135,0.36828687182087827,0.35720953079234724,0.224029521864121,0.09443012701934105,SACUDIDA
1.1499178354618567,0.10899987012248522,0.44512797046626995,0.24721970435671634,0.3492779599879347,0.10333324731179214,SACUDIDA
1.148069940512528,0.16153413991546023,0.5857803849420906,0.21327399174666273,0.37959267057670587,0.13922349737821638,SACUDIDA
1.1702143890760666,0.14940554518712315,0.5857803849420906,0.19895835410122054,0.38663227433254405,0.12415789230742534,SACUDIDA
1.1483603591771485,0.1600373460702123,0.5767524667401001,0.23840566734501556,0.41435829906012506,0.09776016002896522,SACUDIDA
1.1609347906983722,0.15388311065912175,0.565875289592944,0.22965930322012987,0.4289061228546665,0.09515703979329236,SACUDIDA
1.1459999084969432,0.1426882723223294,0.47652421524400257,0.18514311581404624,0.4414421618085683,0.10674197341668781,SACUDIDA
1.15387757930061,0.127394918739711,0.4460569630822204,0.1814987480826123,0.40237128238591896,0.09193002169524864,SACUDIDA
1.1520049656705589,0.1390185565684477,0.5256008701607634,0.23375641643005698,0.4368485117546152,0.05247712729264905,SACUDIDA
1.1858083946312388,0.1251017634651245,0.5256008701607634,0.22022437043463952,0.45264229684032936,0.058646056985956055,SACUDIDA
1.1798415991718874,0.09427018367537947,0.3866035080035568,0.2720332005881308,0.3155512988758281,0.09322050322875447,SACUDIDA
1.1778993873416257,0.10726400437032176,0.3866035080035568,0.45868651119861326,0.17033843436588883,0.13273304871893143,SACUDIDA
1.2093158622506486,0.14596419187242535,0.4624573112843553,0.5319967251361192,0.0863958846756539,0.16828420405175687,SACUDIDA
1.2271785599849305,0.1296548568828512,0.4033336427734082,0.5572270393056437,0.08864972269180166,0.18508011478516243,SACUDIDA
1.2250481551069166,0.13016278655004634,0.3987776597759036,0.5635977131094679,0.08445548465842162,0.1802153773189797,SACUDIDA
1.2324517451427517,0.1325494721274005,0.3987776597759036,0.5442361578906307,0.07319307799694358,0.15166887910474217,SACUDIDA
1.2303220670013,0.12945994792334603,0.39119926367754543,0.5297745264628047,0.07308612879488298,0.1548972993093596,SACUDIDA
1.2157671120751201,0.1268907503715519,0.37943192078154797,0.5224428092039252,0.09066509802564601,0.16904731750476124,SACUDIDA
1.213060047955192,0.1264109174673904,0.36318496193030714,0.5351718976179523,0.0772385626196886,0.1614644095630847,SACUDIDA
1.2358437716250608,0.11733955912455628,0.34852603596912957,0.558786876486316,0.18541369960172846,0.14222611105794417,SACUDIDA
1.190488100479407,0.14147396444905794,0.5147683299632305,0.4527403180141521,0.33777562572413855,0.1267707642426544,SACUDIDA
1.182642092512221,0.15654545990962304,0.6087945376852321,0.2455833508652861,0.4569432738924554,0.12044244360781715,SACUDIDA
1.1506423709320683,0.15796962012518428,0.6087945376852321,0.17930235172281858,0.431695695291641,0.11860222969611021,SACUDIDA
1.1651135353335855,0.15597451645212343,0.4897543037820551,0.1491799211988292,0.3796584195768027,0.14866852016781795,SACUDIDA
1.1432823899313926,0.16305676988734988,0.520670952563095,0.1637094445113727,0.32604577729038126,0.15173919145106257,SACUDIDA
1.1780846504903784,0.2041052578425243,0.8374412096813708,0.3708569295863598,0.3632970991106621,0.08522743428940914,SACUDIDA
1.3511463100699668,0.3287445545064538,1.1889125638643885,0.6841745846070447,0.5567501893428805,0.1218418647263739,SACUDIDA
1.4811378985481414,0.40205089912148706,1.4178743547949844,0.9554323186681282,0.7048093327670651,0.14881338052145118,SACUDIDA
1.6496137209398765,0.4685821575279644,1.5847148287257569,1.1635056911478057,0.864937516047643,0.12229334496293012,SACUDIDA
1.6301909459543125,0.5224880346909875,1.5847148287257569,1.1747253560821025,0.8530922159350001,0.10649786643663597,SACUDIDA
1.6995148702975653,0.5176502090898661,1.680741896522725,1.2719567847306064,0.8542532541478682,0.12681114567208462,SACUDIDA
1.6945387854411569,0.5325807963451261,1.6127895253374702,1.232688004141987,0.8334932753178036,0.1452660394662917,SACUDIDA
1.6898565729657575,0.6103076514931557,1.694275923253025,1.2602602905749274,0.869650003673253,0.16583793963451857,SACUDIDA
1.6955588092174951,0.6130907962813914,1.8719596479994298,1.2976164405041524,0.88971781793755,0.20808135161250968,SACUDIDA
1.6552933358557007,0.5378334056859108,1.8719596479994298,1.2255976211175057,0.8371322051437807,0.21122558767556757,SACUDIDA
1.6331777776762995,0.48743869341450236,1.5471969042119897,1.2194341565751807,0.8123778431247372,0.18970180108088938,SACUDIDA
1.6131479583799242,0.4710001391096913,1.478715579823616,1.185210072331296,0.7942721168186352,0.1392617998192214,SACUDIDA
1.628618490788434,0.47769412611907835,1.6423233979180512,1.2046088087932207,0.7828903712100012,0.16523308788899801,SACUDIDA
1.664836149108018,0.4583815695355265,1.748711386515176,1.1988046194253488,0.836089777210292,0.15433205183053267,SACUDIDA
1.644088156188688,0.386481221639654,1.3676357024868713,1.1597803930055035,0.8139883701052899,0.10069059318305537,SACUDIDA
1.5995461302796676,0.4161005212373656,1.4273685057146555,1.1224758032531876,0.7815423611182071,0.10920968618009833,SACUDIDA
1.6514637802545957,0.46945264138909787,1.4509018078358686,1.1960784515332687,0.8482123843053041,0.1628401260950957,SACUDIDA
1.715800264393349,0.43105898982356633,1.4170895834687711,1.2452921049563697,0.8582042647295572,0.21771598216228613,SACUDIDA
1.6330485741775405,0.3546451104649569,1.184606809886571,1.0445896674452286,0.759492415293852,0.2735035567511976,SACUDIDA
1.4294431466767996,0.36482108457717044,1.1868428090463472,0.6105284268566044,0.7038375570162952,0.38079066281736595,SACUDIDA
1.351850720799752,0.37743047307620037,1.2403517868656793,0.31214925205029015,0.696401110472023,0.43255963750678356,SACUDIDA
1.392287912253345,0.32676755662074003,1.198452463675422,0.3710731584053054,0.7257251882695605,0.40449738359269194,SACUDIDA
1.3800879257001746,0.2662579901835603,0.9343416455628382,0.3973267113542148,0.6753017300930502,0.3423646918451466,SACUDIDA
1.451474922462686,0.33043206482110676,1.0289691527721558,0.5805907183397115,0.7888178496966203,0.389095269681975,SACUDIDA
1.5679326939762044,0.435968042208588,1.3284307567366254,0.8749477597103853,0.8910372881585198,0.36694476726371533,SACUDIDA
1.5529997392532175,0.4775781365872018,1.5258479628818236,1.007895091542545,0.8261149126416306,0.30494193254162705,SACUDIDA
1.5471471360709859,0.39269429078357176,1.5258479628818236,1.0128101807457417,0.7392635855287942,0.2543189248867562,SACUDIDA
1.3235337635338011,0.371141990060479,1.4653775754353362,0.9538720715530405,0.6009326085344345,0.3695545907650932,SACUDIDA
1.2783403766068404,0.35439264693747324,1.303628525963135,0.9388377116887077,0.5200758918978396,0.36305273568572505,SACUDIDA
1.2840506563391243,0.30725458275139017,0.993819907534392,0.8500647400182072,0.4417637377603553,0.1921469807783152,SACUDIDA
1.2546431208247855,0.3024358433900357,1.0508527344183816,0.8238210808988403,0.4819375708763763,0.19194702973013733,SACUDIDA
1.2131597627163844,0.23385050094578033,0.8899291163634554,0.5833581861372422,0.4546925505828698,0.17807543969403028,SACUDIDA
1.1932711283318278,0.20644679933666304,0.8735447838531855,0.4888898262617276,0.5660149350208584,0.24781928899906078,SACUDIDA
1.2234269902202686,0.3219602453728956,1.1251692091016399,0.4820024896201263,0.7437213337145991,0.3842079066801665,SACUDIDA
1.3105515661256215,0.4436445189477128,1.6666366048160528,0.5104647816777699,0.9422431863495869,0.4410258747763245,SACUDIDA
1.3068990205844018,0.5031559234758797,1.6748408756551654,0.4381509430423366,0.9463185838935121,0.39372048743013394,SACUDIDA
1.3030248800546829,0.4207704385510931,1.7857369095420246,0.5272820708332706,0.9826022231243368,0.44038011863490034,SACUDIDA
1.2435818449588212,0.2954304118098675,1.2611683381479433,0.5408832283096479,0.6844255466366587,0.4171381012992646,SACUDIDA
1.2622789985344056,0.3650037395136908,1.476126262678757,0.5773055574534742,0.6797502286379411,0.3540301054367489,SACUDIDA
1.2113620141811492,0.45631619585435407,1.6329793987167691,0.6280138710428474,0.8443373312183283,0.34462537470257304,SACUDIDA
1.2918468911332637,0.46204286583532683,1.7003932647710451,0.6759384061354177,0.8406624266348269,0.35194383390282913,SACUDIDA
1.321994742751241,0.30702404922863463,1.2699606519396323,0.6391385313233918,0.7441751765097606,0.2805018993795863,SACUDIDA
1.2217364268443198,0.27622618145583855,1.1121721364603365,0.5098576010351648,0.5566700997898126,0.23708991262107015,SACUDIDA
1.2447971657978771,0.37812169472482215,1.5475364279440558,0.5224806471695068,0.7034489762749123,0.26034425073139006,SACUDIDA
1.29849920163904,0.4129840473223818,1.5612603238800729,0.5931642605552024,0.8495239974375193,0.3309843635111617,SACUDIDA
